city,cloudiness,country,date,humidity,lat,Lng,Temp,Wind
Hermanus,100,ZA,1579264104,71,-34.42,19.23,77.0,13.0
Alyangula,99,AU,1579264105,66,-13.85,136.42,89.6,6.93
Ribeira Grande,40,PT,1579264106,87,38.52,-28.7,59.0,3.36
Cape Town,20,ZA,1579264058,61,-33.93,18.42,81.0,32.21
Port Alfred,82,ZA,1579264108,82,-33.59,26.89,82.0,5.99
Kaitangata,0,NZ,1579264109,90,-46.28,169.85,55.81,19.15
Hobart,75,AU,1579264088,54,-42.88,147.33,53.6,4.7
Kodiak,97,US,1579264111,69,57.79,-152.41,31.44,14.32
Kamaishi,100,JP,1579264112,69,39.27,141.88,31.75,4.9
Bethel,1,US,1579264113,48,41.37,-73.41,24.01,17.22
Punta Arenas,40,CL,1579264066,71,-53.15,-70.92,57.2,21.92
Saint-Philippe,100,RE,1579264116,83,-21.36,55.77,84.2,6.93
Rikitea,16,PF,1579264117,76,-23.12,-134.97,76.05,13.91
Vitim,100,RU,1579264118,93,59.45,112.56,13.64,8.03
Bambous Virieux,90,MU,1579264119,74,-20.34,57.76,84.2,12.75
Katangli,0,RU,1579264120,87,51.71,143.23,-0.87,9.78
Hilo,1,US,1579263937,83,19.73,-155.09,70.0,4.32
Mataura,2,NZ,1579264122,93,-46.19,168.86,57.0,4.0
Cabo San Lucas,52,MX,1579264123,45,22.89,-109.91,69.01,2.98
East London,20,ZA,1579264124,74,-33.02,27.91,84.2,21.92
Albany,20,US,1579264125,51,42.6,-73.97,12.0,17.22
Luangwa,98,ZM,1579264127,78,-15.62,30.42,82.69,3.62
Lebu,0,CL,1579264128,50,-37.62,-73.65,61.59,3.31
Korla,69,CN,1579264129,93,41.76,86.15,13.17,2.66
Bluff,32,NZ,1579264130,93,-46.6,168.33,57.0,4.0
Vilsbiburg,75,DE,1579264131,100,48.45,12.35,53.01,3.36
Dikson,96,RU,1579264132,100,73.51,80.55,-10.39,11.21
Vaini,90,TO,1579264133,100,-21.2,-175.2,77.0,3.36
Jamestown,90,US,1579263992,85,42.1,-79.24,19.99,10.29
Chikwawa,75,MW,1579264135,74,-16.03,34.8,80.6,9.17
New Norfolk,75,AU,1579264136,54,-42.78,147.06,53.6,4.7
Upernavik,17,GL,1579264137,61,72.79,-56.15,-12.93,3.33
Zemio,8,CF,1579264139,13,5.03,25.14,104.23,3.18
Flinders,100,AU,1579264140,100,-34.58,150.86,69.01,14.99
Ukiah,90,US,1579263942,93,39.15,-123.21,39.99,1.72
Kandrian,36,PG,1579264142,91,-6.22,149.55,77.99,7.87
Vila Velha,69,BR,1579264005,62,-20.33,-40.29,86.0,5.82
Atuona,99,PF,1579264144,73,-9.8,-139.03,81.12,21.16
George Town,20,MY,1579264145,66,5.41,100.34,87.01,6.93
Vernon,90,CA,1579264146,92,50.26,-119.27,17.6,3.36
Barranca,7,PE,1579264147,93,-10.75,-77.77,68.7,10.33
Hualmay,31,PE,1579264148,86,-11.1,-77.61,67.33,2.8
Castro,100,BR,1579264149,83,-24.79,-50.01,64.58,7.25
Chokurdakh,100,RU,1579264150,98,70.63,147.92,-19.3,6.78
Bredasdorp,75,ZA,1579264152,69,-34.53,20.04,73.4,14.99
Busselton,0,AU,1579264153,48,-33.65,115.33,71.01,17.87
Byron Bay,75,AU,1579264133,88,-28.65,153.62,75.99,9.17
Jiuquan,54,CN,1579264155,69,39.74,98.52,14.2,2.91
Bilma,72,NE,1579264156,25,18.69,12.92,69.76,4.54
Ampanihy,43,MG,1579264157,34,-24.7,44.75,93.92,6.02
Vanavara,100,RU,1579264158,94,60.34,102.28,11.39,9.26
Airai,100,TL,1579264159,94,-8.93,125.41,70.16,1.92
Vila do Maio,47,CV,1579264160,50,15.13,-23.22,78.8,21.92
Itarema,35,BR,1579264161,76,-2.92,-39.92,82.47,6.58
Qaanaaq,0,GL,1579264162,57,77.48,-69.36,-16.4,6.6
Lohardaga,0,IN,1579264164,40,23.43,84.68,71.6,3.36
Ushuaia,75,AR,1579264018,81,-54.8,-68.3,53.6,20.8
Tasiilaq,20,GL,1579264166,48,65.61,-37.64,17.6,3.36
Butaritari,63,KI,1579264167,79,3.07,172.79,84.85,17.02
Esperance,90,AU,1579264168,69,-33.87,121.9,73.4,6.93
Nikolskoye,90,RU,1579264169,80,59.7,30.79,41.0,15.66
Shahr-e Kord,40,IR,1579264170,37,32.33,50.86,51.8,4.7
Igrim,4,RU,1579264171,86,63.19,64.42,5.13,10.4
Shrewsbury,75,GB,1579264172,80,52.71,-2.75,43.0,9.17
Thompson,40,CA,1579264173,75,55.74,-97.86,-20.2,2.24
Gelnhausen,33,DE,1579263956,81,50.2,9.18,51.01,8.05
Cayenne,75,GF,1579264176,78,4.93,-52.33,82.4,9.17
Vila Franca do Campo,40,PT,1579264098,93,37.72,-25.43,64.4,20.8
Chernyshevskiy,96,RU,1579264178,96,63.01,112.47,-1.82,8.01
Port Hardy,90,CA,1579264062,100,50.7,-127.42,24.8,2.24
Bay Roberts,90,CA,1579264180,92,47.6,-53.26,27.0,25.28
Taksimo,100,RU,1579264181,96,56.34,114.88,-7.13,0.76
Puerto Ayora,75,EC,1579264182,94,-0.74,-90.35,75.2,11.41
Oyama,75,JP,1579264183,58,36.3,139.8,50.0,5.82
Te Anau,42,NZ,1579264184,77,-45.42,167.72,51.62,5.82
Sri Aman,100,MY,1579264185,94,1.24,111.46,78.8,1.12
Cape Canaveral,1,US,1579264059,60,28.41,-80.6,75.2,14.99
Abu Samrah,100,SY,1579264188,76,35.3,37.18,47.46,12.53
Khatanga,44,RU,1579264189,89,71.97,102.5,-21.23,4.7
Ostrovnoy,100,RU,1579264190,96,68.05,39.51,20.57,7.27
Fairbanks,1,US,1579263933,82,64.84,-147.72,-15.0,2.04
Kapaa,40,US,1579264192,88,22.08,-159.32,71.6,4.7
Minab,0,IR,1579264193,23,27.15,57.08,73.4,9.17
Vestmannaeyjar,20,IS,1579264194,74,63.44,-20.27,33.8,20.8
Abrau-Dyurso,75,RU,1579264195,60,44.69,37.59,32.0,15.66
Coffs Harbour,40,AU,1579264196,94,-30.3,153.13,73.4,7.74
Klaksvik,89,FO,1579264197,87,62.23,-6.59,42.8,17.22
Kavieng,45,PG,1579264198,77,-2.57,150.8,84.49,26.53
Codrington,34,AU,1579264200,79,-38.27,141.97,61.48,25.88
Teya,100,RU,1579264201,89,60.38,92.63,11.93,11.95
Cacheu,4,GW,1579264202,20,12.27,-16.17,86.0,11.41
Kavaratti,40,IN,1579264203,79,10.57,72.64,79.86,20.27
Namtsy,97,RU,1579264204,65,62.72,129.67,-38.2,4.47
Klyuchi,100,RU,1579264207,94,52.27,79.17,26.53,23.82
Ushibukamachi,21,JP,1579264208,62,32.19,130.02,53.89,18.99
Jalu,5,LY,1579264209,49,29.03,21.55,62.11,15.03
Rimbey,90,CA,1579264210,68,52.63,-114.24,-18.4,9.17
Lahat,86,ID,1579264211,95,-3.8,103.53,70.74,0.36
Yangi Marg`ilon,5,UZ,1579264212,64,40.43,71.72,35.6,2.24
Livingstone,99,ZM,1579264214,79,-17.84,25.85,73.42,4.72
Carnarvon,92,AU,1579264215,83,-24.87,113.63,78.8,18.34
Bengkulu,89,ID,1579264033,91,-3.8,102.27,76.78,2.77
Clyde River,90,CA,1579264217,69,70.47,-68.59,-11.2,14.99
Avarua,97,CK,1579264218,94,-21.21,-159.78,77.0,4.7
Nalut,100,LY,1579264219,53,30.33,10.85,56.32,4.34
Mar del Plata,0,AR,1579264116,59,-38.0,-57.56,66.0,5.82
Alyth,35,GB,1579264221,81,56.62,-3.23,45.0,12.75
Tiksi,91,RU,1579264222,88,71.69,128.87,-16.58,8.57
Padang,100,ID,1579264224,98,-0.95,100.35,71.38,2.37
Alice Springs,5,AU,1579264225,17,-23.7,133.88,91.4,9.17
Tomari,0,RU,1579264226,72,47.77,142.07,14.97,12.41
Port Lincoln,2,AU,1579264227,70,-34.73,135.87,61.39,17.29
Buala,89,SB,1579264228,84,-8.14,159.59,79.43,8.61
Tuktoyaktuk,5,CA,1579264229,81,69.45,-133.04,-5.39,12.48
Leningradskiy,75,RU,1579264230,95,69.38,178.42,-3.24,12.17
Prince Rupert,90,CA,1579264226,67,54.32,-130.32,21.2,3.36
Isangel,20,VU,1579264232,94,-19.55,169.27,75.2,16.78
Birjand,0,IR,1579264233,21,32.87,59.22,48.2,4.7
Maceio,75,BR,1579263970,69,-9.67,-35.74,82.4,5.82
Tiarei,40,PF,1579264236,78,-17.53,-149.33,78.8,3.36
Wanning,37,CN,1579264237,89,18.8,110.4,69.64,10.78
Spornoye,1,RU,1579264238,64,50.84,37.29,39.2,11.18
Kintinku,99,TZ,1579264239,57,-5.88,35.23,83.44,3.36
Nome,1,US,1579264240,60,64.5,-165.41,10.4,11.41
Iquique,68,CL,1579264147,64,-20.22,-70.14,71.6,5.82
Labuhan,29,ID,1579264243,86,-6.88,112.21,78.76,2.01
Cherskiy,100,RU,1579264244,98,68.75,161.3,-19.41,4.41
Tessalit,97,ML,1579264245,12,20.2,1.01,76.37,14.34
Egvekinot,100,RU,1579264247,98,66.32,-179.17,16.3,3.83
Harper,75,LR,1579264248,60,4.38,-7.72,87.57,5.5
Hong Kong,40,HK,1579264203,52,22.29,114.16,66.2,9.17
Dicabisagan,38,PH,1579264250,90,17.08,122.42,75.69,9.24
Kiboga,100,UG,1579264251,29,0.92,31.77,89.89,4.16
Aklavik,5,CA,1579264252,76,68.22,-135.01,-11.2,8.05
Sioux Lookout,75,CA,1579264253,75,50.1,-91.92,-7.6,4.7
Leshan,93,CN,1579264254,57,29.56,103.76,52.07,3.24
Amuntai,69,ID,1579264255,83,-2.42,115.25,78.19,2.37
Chardara,3,KZ,1579264256,61,41.25,67.97,36.99,5.68
Yaan,51,NG,1579264257,10,7.38,8.57,97.14,11.07
Kostyantynivka,98,UA,1579264258,82,48.53,37.71,36.07,9.62
Lata,20,PT,1579264259,82,40.16,-8.33,59.0,2.24
Hun,39,LY,1579264261,57,29.13,15.95,57.15,10.45
Mandalgovi,52,MN,1579264262,85,45.76,106.27,5.22,7.61
Beringovskiy,93,RU,1579264263,88,63.05,179.32,27.52,7.94
Barrow,1,US,1579264264,71,71.29,-156.79,6.8,14.99
Salalah,14,OM,1579264265,38,17.02,54.09,77.0,13.87
Faya,0,SA,1579264266,30,18.39,42.45,69.8,14.99
Port Hedland,22,AU,1579264267,74,-20.32,118.57,87.8,16.11
Nassau,1,US,1579264268,38,40.75,-73.58,25.0,17.22
Sao Mateus do Sul,100,BR,1579264269,95,-25.87,-50.38,58.28,4.52
Rawson,0,AR,1579264271,55,-43.3,-65.1,66.52,12.59
Ginda,99,IN,1579264272,87,30.69,78.49,43.38,1.43
Kamennomostskoye,0,RU,1579264273,55,43.74,43.05,41.0,1.72
Coahuayana Viejo,75,MX,1579264274,62,18.73,-103.68,71.65,3.78
Pangnirtung,5,CA,1579264275,74,66.15,-65.71,-23.8,4.7
Margate,75,GB,1579264249,81,51.38,1.39,51.01,21.92
Dunedin,0,NZ,1579264277,87,-45.87,170.5,59.0,15.01
Otradnoye,90,RU,1579264279,80,59.78,30.82,41.0,15.66
Nanortalik,100,GL,1579264144,84,60.14,-45.24,23.23,7.38
Sur,0,OM,1579264281,45,22.57,59.53,67.91,18.21
Plymouth,1,US,1579264116,48,41.83,-70.83,21.2,16.11
Launceston,90,AU,1579264283,62,-41.45,147.17,57.0,18.34
Yerbogachen,97,RU,1579264284,93,61.28,108.01,7.21,8.88
Camacha,40,PT,1579264285,77,33.08,-16.33,68.0,12.75
Along,72,IN,1579264286,92,28.17,94.77,52.52,4.38
Lorengau,50,PG,1579264287,75,-2.02,147.27,84.45,23.94
Lusambo,100,CD,1579264288,93,-4.97,23.45,72.34,2.17
Nagua,20,DO,1579264289,94,19.38,-69.85,73.4,6.93
Cidreira,55,BR,1579264291,63,-30.18,-50.21,67.48,7.14
Constitucion,0,CL,1579264292,46,-35.33,-72.42,65.59,3.27
Vanimo,0,PG,1579264293,79,-2.67,141.3,83.23,24.67
Tuatapere,59,NZ,1579264294,93,-46.13,167.68,57.0,3.0
Muhos,90,FI,1579264295,100,64.75,26.17,28.4,6.93
Sainte-Marie,99,RE,1579264296,70,-20.9,55.55,84.2,11.41
Chapais,20,CA,1579264297,74,49.78,-74.85,-27.4,2.24
Laguna,1,US,1579264298,86,38.42,-121.42,42.8,6.93
Gigmoto,0,PH,1579264299,81,13.78,124.39,81.63,10.38
Podporozhye,100,RU,1579264300,87,60.91,34.17,37.45,12.33
Kuching,75,MY,1579264301,88,1.55,110.33,82.0,4.7
Yantzaza,40,EC,1579264302,47,-3.83,-78.76,77.0,16.11
Taltal,100,CL,1579264304,79,-25.4,-70.48,64.38,2.71
Jingdezhen,85,CN,1579264305,89,29.29,117.21,40.26,3.31
Provideniya,100,RU,1579264306,95,64.38,-173.3,8.71,6.46
Musoma,65,TZ,1579264307,47,-1.5,33.8,84.81,5.14
Port Elizabeth,75,ZA,1579264210,74,-33.92,25.57,80.6,16.11
Torbay,90,CA,1579264309,92,47.67,-52.73,27.0,25.28
Ugoofaaru,15,MV,1579264310,76,5.67,73.0,81.54,16.42
Khovd,0,MN,1579264311,54,48.01,91.64,0.36,7.63
Bulolo,28,PG,1579264312,83,-7.2,146.65,67.96,4.23
Amapa,32,BR,1579264313,89,1.0,-52.0,77.04,3.02
Dandong,85,CN,1579264314,62,40.13,124.39,23.59,4.76
Grand Gaube,90,MU,1579264316,74,-20.01,57.66,84.2,12.75
Cortes,40,ES,1579264317,62,41.94,-1.44,57.2,9.17
Cootamundra,90,AU,1579264318,68,-34.65,148.03,67.12,23.58
Hobyo,50,SO,1579264319,50,5.35,48.53,81.79,22.91
Pyapon,0,MM,1579264320,34,16.28,95.68,80.29,6.87
Biliran,44,PH,1579264321,90,11.47,124.48,79.0,6.2
Jieshi,19,CN,1579264322,57,22.81,115.83,62.01,3.0
Mackay,84,AU,1579264323,88,-21.15,149.2,73.4,5.82
Penzance,20,GB,1579264324,75,50.12,-5.54,48.0,19.46
Requena,20,ES,1579264325,39,39.49,-1.1,64.99,14.99
Kruisfontein,100,ZA,1579264327,83,-34.0,24.73,71.56,10.51
Kumul,96,CN,1579264328,79,42.8,93.45,14.61,0.58
Truro,20,GB,1579264308,75,50.27,-5.05,48.0,20.8
Narsaq,75,GL,1579264330,62,60.92,-46.05,19.4,9.17
Paamiut,100,GL,1579264331,80,61.99,-49.67,21.15,19.42
Hamilton,90,US,1579264226,68,39.18,-84.53,24.8,6.93
Saskylakh,17,RU,1579264333,96,71.92,114.08,-26.05,9.69
Bandarbeyla,61,SO,1579264334,74,9.49,50.81,76.33,23.98
Touros,40,BR,1579264335,66,-5.2,-35.46,84.2,10.29
Talnakh,75,RU,1579264336,85,69.49,88.4,10.4,17.9
Panuco,90,MX,1579264338,100,22.05,-98.17,68.0,4.27
Mahebourg,90,MU,1579264339,74,-20.41,57.7,84.2,12.75
Praia,42,CV,1579264340,50,14.92,-23.51,78.8,21.92
Shimoda,100,JP,1579264341,85,34.67,138.95,44.01,1.01
Wajir,70,KE,1579264342,13,1.75,40.06,96.03,10.8
Varadero,20,CU,1579264338,88,23.15,-81.25,64.4,5.82
Kutum,0,SD,1579264344,16,14.2,24.67,80.78,11.54
Pevek,100,RU,1579264345,97,69.7,170.31,-11.42,7.96
Huarmey,0,PE,1579264346,86,-10.07,-78.15,67.39,1.72
Yellowknife,90,CA,1579264347,74,62.46,-114.35,-22.0,2.24
Seydi,0,TM,1579264349,46,39.48,62.91,38.44,5.28
Kokstad,0,ZA,1579264350,26,-30.55,29.42,87.49,7.23
Puerto El Triunfo,0,SV,1579264351,61,13.28,-88.55,80.6,10.29
Andenes,40,NO,1579264352,74,69.31,16.12,28.99,16.11
Coari,100,BR,1579264353,99,-4.08,-63.14,73.26,1.81
Deputatsky,82,RU,1579264354,96,69.3,139.9,-25.29,2.28
Coyhaique,75,CL,1579264355,76,-45.58,-72.07,57.2,6.93
Bariloche,0,AR,1579264081,47,-41.15,-71.31,57.2,1.12
Lubbock,90,US,1579264357,86,33.6,-101.83,33.8,8.05
Le Mars,90,US,1579264358,72,42.79,-96.17,17.6,16.11
Lagoa,100,PT,1579264360,90,39.05,-27.98,58.64,9.44
Brae,40,GB,1579264361,75,60.4,-1.35,46.4,36.91
Wajid,12,SO,1579264362,17,3.81,43.25,93.06,16.2
Melbu,75,NO,1579264363,74,68.5,14.83,34.0,4.7
Kalmunai,77,LK,1579264267,78,7.42,81.82,80.96,10.83
Mabaruma,30,GY,1579264365,94,8.2,-59.78,75.63,1.16
Nuuk,40,GL,1579264299,78,64.18,-51.72,12.2,19.46
Kosino,48,RU,1579264367,95,58.41,51.28,14.34,2.21
Burgeo,100,CA,1579264368,79,47.62,-57.62,24.19,41.38
Comodoro Rivadavia,6,AR,1579264369,40,-45.87,-67.5,71.6,23.04
Khasan,0,RU,1579264371,77,42.43,130.64,12.56,3.6
Ucluelet,46,CA,1579264372,87,48.93,-125.55,30.0,4.03
Tavistock,40,GB,1579264373,87,50.55,-4.14,46.99,9.17
Flin Flon,90,CA,1579264374,70,54.77,-101.86,-5.8,6.93
Simplicio Mendes,19,BR,1579264375,58,-7.85,-41.91,82.98,7.16
Morant Bay,20,JM,1579264376,83,17.88,-76.41,80.01,2.24
Longyearbyen,40,SJ,1579264377,84,78.22,15.64,-0.4,1.12
Chulman,97,RU,1579264378,98,56.85,124.91,-2.25,3.09
Souillac,90,MU,1579264379,74,-20.52,57.52,84.2,12.75
Gisborne,68,NZ,1579264380,65,-38.65,178.0,61.0,8.99
Half Moon Bay,40,US,1579264381,100,37.46,-122.43,44.01,0.92
Haskovo,20,BG,1579264383,59,41.94,25.57,39.2,2.24
Hithadhoo,81,MV,1579264384,76,-0.6,73.08,82.78,14.97
Humaita,100,BR,1579264385,94,-7.51,-63.02,77.05,1.86
Chetwayi,9,IN,1579264386,52,10.53,76.05,89.6,10.29
Takoradze,43,GH,1579264387,47,4.88,-1.76,92.07,5.75
Inzhavino,82,RU,1579264388,97,52.32,42.49,32.63,9.08
San Patricio,76,MX,1579264389,82,19.22,-104.7,76.35,2.75
Sitka,90,US,1579264314,44,57.05,-135.33,19.4,10.29
Kindersley,90,CA,1579264391,76,51.47,-109.17,-8.0,14.99
Skorodnoye,7,RU,1579264392,64,51.07,37.23,39.2,11.18
Ilulissat,20,GL,1579264394,49,69.22,-51.1,1.4,12.75
Chui,0,UY,1579264395,53,-33.7,-53.46,66.87,5.03
Sorong,52,ID,1579264396,94,-0.88,131.25,75.22,2.84
Kindu,83,CD,1579264397,55,-2.95,25.95,88.63,4.56
Los Llanos de Aridane,0,ES,1579264398,52,28.66,-17.92,69.8,4.7
Tura,0,IN,1579264399,62,25.52,90.22,68.97,4.27
Cabedelo,75,BR,1579264400,62,-6.98,-34.83,86.0,11.41
Deer Lake,90,CA,1579264401,72,49.17,-57.43,12.2,11.41
Mugur-Aksy,60,RU,1579264402,74,50.35,90.5,-9.74,8.72
Maraa,99,BR,1579264404,96,-1.83,-65.37,76.1,1.88
Laas,5,IT,1579264405,55,46.62,10.7,44.01,6.93
Uchiza,1,PE,1579264406,87,-8.46,-76.46,64.67,1.9
Raudeberg,40,NO,1579264407,75,61.99,5.14,50.0,20.8
Itoman,75,JP,1579264408,72,26.12,127.67,64.4,25.28
Gushikawa,90,JP,1579264409,72,26.35,127.87,64.4,19.46
Sungairaya,100,ID,1579264410,92,0.7,108.9,77.11,3.2
Mnogovershinnyy,17,RU,1579264411,84,53.94,139.92,-4.97,8.59
Sinnamary,55,GF,1579264412,82,5.38,-52.95,79.97,14.0
Argentan,20,FR,1579264413,76,48.75,-0.02,48.99,16.11
Luocheng,93,CN,1579264415,57,29.38,104.03,52.07,3.24
Pisco,40,PE,1579264416,30,-13.7,-76.22,71.6,2.24
Avera,1,US,1579264417,45,33.19,-82.53,46.99,5.82
Abha,0,SA,1579264418,30,18.22,42.51,69.8,14.99
OErnskoeldsvik,100,SE,1579264229,98,63.29,18.72,32.0,4.7
Westport,1,US,1579264241,41,41.14,-73.36,25.0,19.46
Temir,92,KZ,1579264421,91,49.14,57.13,23.4,12.88
Yulara,13,AU,1579264422,18,-25.24,130.99,93.2,1.12
Norman Wells,20,CA,1579264423,83,65.28,-126.83,-11.2,4.7
Barra Patuca,9,HN,1579264424,80,15.8,-84.28,79.47,20.24
Tonj,11,SS,1579264425,9,7.27,28.68,104.63,5.97
Malatya,75,TR,1579264426,74,38.5,38.0,37.4,3.36
Asau,75,RO,1579264428,85,46.43,26.4,37.99,4.7
Warwick,20,US,1579264383,44,41.7,-71.42,21.2,20.8
Merauke,39,ID,1579264430,87,-8.47,140.33,82.27,6.38
Oktyabrskiy,99,RU,1579264431,94,54.48,53.47,30.36,5.84
Novoasbest,65,RU,1579264432,86,57.74,60.29,13.87,4.59
Bongandanga,68,CD,1579264433,18,1.5,21.05,100.06,5.08
Dapaong,1,TG,1579264434,11,10.86,0.2,92.35,13.11
Yozgat,92,TR,1579264435,50,39.58,35.33,37.17,3.0
Portland,90,US,1579264209,100,45.52,-122.68,35.01,2.95
Old Saybrook,1,US,1579264437,57,41.29,-72.38,23.0,17.22
Nova Olimpia,77,BR,1579264438,73,-14.8,-57.29,83.34,1.77
Ixtapa,75,MX,1579264439,94,20.7,-105.2,70.0,2.24
Centralia,90,US,1579264441,100,46.72,-122.95,33.8,3.36
Atambua,100,ID,1579264442,85,-9.11,124.89,77.94,1.52
Natal,75,BR,1579264284,74,-5.79,-35.21,84.2,10.29
Sao Filipe,16,CV,1579264444,60,14.9,-24.5,72.93,13.91
Sovetskiy,0,RU,1579264445,89,61.36,63.58,6.71,8.41
Severo-Yeniseyskiy,100,RU,1579264446,86,60.37,93.04,11.46,13.47
Faanui,29,PF,1579264447,80,-16.48,-151.75,81.0,19.08
Adrar,0,MR,1579264448,13,20.5,-10.07,73.0,21.05
Zhigansk,92,RU,1579264449,95,66.77,123.37,-21.8,14.5
Labuan,75,MY,1579264451,88,5.28,115.24,82.4,1.32
Paciran,7,ID,1579264452,83,-6.88,112.38,79.56,3.74
Alta Floresta,20,BR,1579264453,83,-9.88,-56.09,82.4,4.7
Sao Joao da Barra,90,BR,1579264454,79,-21.64,-41.05,84.2,6.93
Melfort,90,CA,1579264455,83,52.87,-104.62,-7.6,9.17
San Quintin,35,MX,1579264456,75,30.48,-115.95,53.94,12.5
Ialibu,64,PG,1579264457,96,-6.28,143.99,60.24,2.84
Fukuecho,90,JP,1579264458,61,32.69,128.84,50.0,13.87
Arraial do Cabo,75,BR,1579264459,83,-22.97,-42.03,80.6,9.17
Hibbing,90,US,1579264354,83,47.43,-92.94,3.0,13.09
Srednekolymsk,100,RU,1579264462,96,67.45,153.68,-16.11,4.61
Lingao,7,CN,1579264463,89,19.91,109.69,67.51,16.93
Kargasok,100,RU,1579264464,91,59.06,80.86,28.24,17.63
Rantepao,100,ID,1579264465,95,-2.97,119.9,69.66,1.79
Saldanha,0,ZA,1579264466,73,-33.01,17.94,82.4,23.04
Bure,1,ET,1579264467,17,10.7,37.07,84.83,7.29
Calatayud,36,ES,1579264468,38,41.35,-1.64,60.8,5.82
North Bend,90,US,1579264470,100,43.41,-124.22,39.99,3.83
Port-Cartier,20,CA,1579264471,47,50.03,-66.87,-8.0,10.29
Am Timan,0,TD,1579264472,8,11.03,20.28,101.3,4.63
Panjab,0,AF,1579264473,68,34.39,67.02,5.29,2.86
Grindavik,75,IS,1579264474,58,63.84,-22.43,32.0,8.05
Chumikan,0,RU,1579264475,82,54.72,135.31,-5.98,7.56
Uruguaiana,13,BR,1579264476,60,-29.75,-57.09,71.6,16.11
Cap Malheureux,90,MU,1579264477,74,-19.98,57.61,84.2,12.75
Severnoye,100,RU,1579264479,90,56.35,78.36,30.49,12.19
Waddan,39,LY,1579264480,57,29.16,16.14,57.15,10.45
Quatre Cocos,90,MU,1579264481,74,-20.21,57.76,84.2,12.75
Chifeng,1,CN,1579264482,50,42.27,118.96,12.42,0.85
Santa Cruz de la Sierra,75,BO,1579264483,69,-17.8,-63.17,78.8,17.22
Trelew,0,AR,1579264438,31,-43.25,-65.31,73.2,14.81
Phuket,20,TH,1579264485,61,8.0,98.25,82.4,5.82
Lima,90,PE,1579264328,88,-12.04,-77.03,69.8,8.05
Izberbash,75,RU,1579264385,75,42.57,47.86,42.8,6.71
Anadyr,40,RU,1579264488,79,64.75,177.48,26.6,20.13
Havre-Saint-Pierre,1,CA,1579264489,47,50.23,-63.6,-9.4,11.41
Portoferraio,40,IT,1579264491,87,42.81,10.31,57.0,1.12
Coquimbo,90,CL,1579264492,87,-29.95,-71.34,60.8,8.05
Bubaque,17,GW,1579264493,46,11.28,-15.83,76.32,15.17
Sitio Novo do Tocantins,75,BR,1579264494,83,-5.52,-47.46,80.6,5.82
Lavrentiya,60,RU,1579264495,90,65.58,-171.0,1.15,5.21
Vardo,20,NO,1579264496,78,70.37,31.11,23.0,17.22
Canavieiras,43,BR,1579264497,68,-15.68,-38.95,82.87,5.03
Den Helder,75,NL,1579264498,93,52.96,4.76,50.0,16.11
Matamoros,100,MX,1579264499,73,25.53,-103.25,60.01,5.75
Digras,2,IN,1579264500,37,20.12,77.72,79.25,4.83
Sembe,55,CG,1579264501,37,1.65,14.58,90.91,4.07
Winnemucca,1,US,1579264502,63,40.97,-117.74,28.4,3.36
Povenets,98,RU,1579264504,89,62.85,34.83,33.4,8.32
Keetmanshoop,20,NA,1579264505,9,-26.58,18.13,100.4,11.41
Joshimath,100,IN,1579264506,98,30.57,79.57,28.85,3.83
Antofagasta,100,CL,1579264347,64,-23.65,-70.4,72.0,1.12
Kommunisticheskiy,0,RU,1579264508,90,61.68,64.48,5.0,7.83
Port-Gentil,40,GA,1579264509,100,-0.72,8.78,77.0,4.7
Koutiala,0,ML,1579264510,10,12.39,-5.46,90.59,11.54
Izyum,83,UA,1579264512,75,49.21,37.25,37.8,9.98
Minusinsk,68,RU,1579264513,49,53.71,91.69,24.8,8.95
Sabang,1,ID,1579264514,77,5.89,95.32,81.99,13.58
Wajima,96,JP,1579264515,63,37.4,136.9,42.57,15.61
Jales,100,BR,1579264516,83,-20.27,-50.55,79.36,7.61
Urumqi,15,CN,1579264517,92,43.8,87.6,15.8,2.24
Ponta Delgada,40,PT,1579264518,93,37.73,-25.67,64.4,20.8
Mutsu,75,JP,1579264519,69,41.29,141.22,33.8,5.82
Tomatlan,92,MX,1579264520,67,19.93,-105.25,67.66,2.37
Morondava,100,MG,1579264521,60,-20.28,44.28,87.82,5.1
Stornoway,40,GB,1579264522,75,58.21,-6.39,46.0,21.92
Lebanon,20,US,1579264237,61,36.21,-86.29,35.01,6.93
Neiafu,90,TO,1579264525,94,-18.65,-173.98,80.6,16.11
Ciudad Lazaro Cardenas,72,MX,1579264526,79,17.96,-102.2,71.89,4.16
Isfana,70,KG,1579264527,59,39.84,69.53,37.4,11.18
Kochi,34,IN,1579264528,52,9.94,76.26,89.6,10.29
Ahipara,0,NZ,1579264529,100,-35.17,173.17,57.99,5.53
Bethanien,45,NA,1579264530,12,-26.5,17.16,98.85,12.06
Novopokrovka,20,UA,1579264531,69,49.84,36.55,39.2,8.95
Sambava,100,MG,1579264532,74,-14.27,50.17,85.23,3.83
Fort Nelson,90,CA,1579264533,74,58.81,-122.7,-23.8,1.59
Dingle,1,PH,1579264534,86,11.0,122.67,76.01,8.46
Buraidah,40,SA,1579264264,23,26.33,43.98,77.0,17.22
Baglung,100,NP,1579264537,98,28.27,83.59,32.4,2.82
Zyryanka,100,RU,1579264538,97,65.75,150.85,-12.42,3.4
Sawakin,0,SD,1579264539,82,19.11,37.33,79.48,8.7
Simao,0,CN,1579264540,64,22.79,100.97,54.34,4.59
Ulladulla,100,AU,1579264541,100,-35.35,150.47,68.0,14.99
Taoudenni,0,ML,1579264542,17,22.68,-3.98,73.06,17.36
Simoes,94,BR,1579264543,49,-7.6,-40.82,84.61,3.06
Hay River,20,CA,1579264544,66,60.82,-115.8,-31.0,2.24
Banda Aceh,1,ID,1579264545,76,5.56,95.32,77.79,6.2
Copiapo,90,CL,1579264320,77,-27.37,-70.33,64.4,3.36
Santa Maria,20,BR,1579264548,82,-29.68,-53.81,62.6,2.24
Geraldton,75,AU,1579264267,83,-28.77,114.6,71.6,18.34
Tinos,75,GR,1579264550,54,37.54,25.16,55.4,23.04
Cockburn Town,40,TC,1579264551,69,21.46,-71.14,73.4,8.05
Sampit,49,ID,1579264552,87,-2.53,112.95,78.21,3.29
Sorland,75,NO,1579264553,90,67.67,12.69,33.8,4.7
Micomeseng,65,GQ,1579264554,51,2.15,10.62,87.26,4.14
Pochutla,0,MX,1579264555,82,15.74,-96.47,71.01,2.84
Ketchikan,90,US,1579264557,57,55.34,-131.65,21.2,11.41
Qaqortoq,75,GL,1579264558,62,60.72,-46.03,19.4,9.17
Buchanan,75,LR,1579264559,66,5.88,-10.05,89.6,6.71
Izhma,88,RU,1579264560,95,65.01,53.91,14.23,6.13
Novoagansk,100,RU,1579264561,92,61.94,76.66,6.39,21.16
Maromitsa,52,RU,1579264562,95,59.87,48.01,20.32,6.73
San Lorenzo,20,PY,1579264563,78,-25.33,-57.53,78.8,9.17
Sarahan,100,IN,1579264564,97,31.52,77.8,19.65,3.09
Mount Isa,15,AU,1579264565,14,-20.73,139.5,95.0,16.11
Collie,0,AU,1579264567,48,-33.37,116.15,71.01,9.04
China,100,MX,1579264568,82,25.7,-99.23,69.94,13.56
Kenai,1,US,1579264569,75,60.55,-151.26,1.99,6.93
Villanueva de la Serena,92,ES,1579264570,80,38.98,-5.8,55.99,1.99
Bathsheba,40,BB,1579264571,69,13.22,-59.52,80.6,19.46
Nouadhibou,72,MR,1579264572,33,20.93,-17.03,71.6,12.75
Pasighat,28,IN,1579264573,75,28.07,95.33,64.31,1.86
OEstersund,100,SE,1579264574,87,63.18,14.64,39.2,10.29
Kahului,75,US,1579264575,83,20.89,-156.47,71.6,4.7
Northam,40,GB,1579264576,87,51.03,-4.22,46.0,9.17
Palmer,20,US,1579264347,47,42.16,-72.33,19.0,13.87
Crevenicu,90,RO,1579264579,61,44.24,25.59,36.0,5.82
Luanda,20,AO,1579264580,62,-8.84,13.23,87.8,10.29
Ponta do Sol,20,PT,1579264581,77,32.67,-17.1,68.0,13.87
Kampong Thom,0,KH,1579264396,44,12.71,104.89,80.82,7.11
Baillif,30,GP,1579264583,88,16.02,-61.75,75.2,15.41
Tautira,40,PF,1579264584,78,-17.73,-149.15,78.8,3.36
Homer,1,US,1579264585,65,59.64,-151.55,12.99,4.72
Anloga,40,GH,1579264499,63,5.79,0.9,91.4,4.7
Bitung,75,ID,1579264587,100,1.45,125.18,75.2,4.7
Saint Lawrence,75,MT,1579264588,71,36.06,14.2,57.2,13.87
Asilah,20,MA,1579264590,42,35.47,-6.03,68.0,4.7
Grand Baie,90,MU,1579264591,74,-20.02,57.58,84.2,12.75
Golden,1,US,1579264314,73,39.76,-105.22,30.0,5.82
Kiryat Gat,40,IL,1579264593,62,31.61,34.76,60.01,13.87
Kushima,20,JP,1579264594,87,31.46,131.23,42.8,8.05
Quryq,0,KZ,1579264595,71,43.2,51.65,44.62,21.52
Pingliang,97,CN,1579264596,79,35.54,106.69,20.23,2.57
Caravelas,4,BR,1579264597,81,-17.71,-39.25,79.47,12.24
Ust-Nera,83,RU,1579264598,97,64.57,143.2,-38.29,1.68
Dori,0,BF,1579264599,11,14.04,-0.03,84.58,15.14
Marzuq,0,YE,1579264600,12,14.4,46.47,73.06,7.02
Sundargarh,0,IN,1579264601,47,22.12,84.03,80.6,3.51
Shirokiy,40,RU,1579264603,98,49.76,129.52,-9.38,3.4
Eureka,1,US,1579264520,75,40.8,-124.16,42.8,9.17
Icod de los Vinos,0,ES,1579264605,54,28.37,-16.71,73.4,10.29
Palana,93,RU,1579264606,95,59.12,159.97,8.55,4.97
Chachapoyas,4,PE,1579264607,95,-6.23,-77.87,50.36,4.34
Finspang,94,SE,1579264563,81,58.71,15.77,42.8,5.82
Robe,0,AU,1579264609,78,-37.18,139.75,55.96,9.22
Lukovetskiy,90,RU,1579264610,97,64.3,41.92,32.0,6.71
Anahuac,100,MX,1579264611,74,27.23,-100.15,65.03,9.69
Manali,75,IN,1579264612,78,13.17,80.27,80.6,16.11
Casas Grandes,76,MX,1579264613,76,30.37,-107.95,46.4,3.13
Grand-Lahou,42,CI,1579264615,76,5.14,-5.02,81.97,7.14
Klichka,100,RU,1579264616,98,50.45,118.0,-7.01,1.81
Yar-Sale,0,RU,1579264385,81,66.83,70.83,-9.56,10.33
Mount Gambier,75,AU,1579264618,87,-37.83,140.77,59.0,16.11
Riyadh,0,SA,1579264538,24,24.69,46.72,71.6,11.41
Jizan,20,SA,1579264620,58,17.33,42.67,84.2,16.11
Gardez,72,AF,1579264621,62,33.6,69.23,16.52,1.25
Broome,90,US,1579264622,72,42.25,-75.83,16.0,16.11
Nova Olinda do Norte,92,BR,1579264623,92,-3.89,-59.09,76.64,2.53
Boshnyakovo,0,RU,1579264624,84,49.63,142.17,1.24,2.95
College,1,US,1579264626,82,64.86,-147.8,-0.4,1.07
Kargil,100,IN,1579264627,96,34.57,76.1,-3.59,0.98
Gemeente Wageningen,90,NL,1579264628,93,51.97,5.67,50.0,13.87
Hastings,20,GB,1579264629,81,50.86,0.57,50.0,29.97
Kushiro,20,JP,1579264393,58,42.98,144.37,24.8,3.36
Kaduna,0,NG,1579264631,14,10.52,7.44,85.75,9.44
'Ahuimanu,75,US,1579264632,88,21.44,-157.84,71.6,4.38
Samarai,99,PG,1579264633,83,-10.62,150.67,78.28,5.91
Veraval,0,IN,1579264634,29,20.9,70.37,75.42,8.16
Kaseda,20,JP,1579264635,80,31.42,130.32,39.2,9.17
Koslan,100,RU,1579264636,94,63.46,48.9,16.27,9.48
Viedma,0,AR,1579264637,16,-40.81,-63.0,72.59,23.15
Wagar,0,SD,1579264639,17,16.15,36.2,94.06,9.98
Kathmandu,90,NP,1579264640,100,27.72,85.32,48.2,2.24
Seminole,1,US,1579264519,68,28.71,-81.21,72.0,6.93
San Cristobal,40,VE,1579264577,88,7.77,-72.22,75.2,3.36
Baton Rouge,1,US,1579264502,66,30.45,-91.15,60.8,10.29
Alsfeld,20,DE,1579264644,75,50.75,9.27,50.0,10.29
Lovozero,96,RU,1579264645,95,68.0,35.01,14.14,7.43
Hambantota,75,LK,1579264646,100,6.12,81.12,78.8,10.29
Baoshan,0,CN,1579264647,88,46.56,131.42,0.19,5.73
Bilimbay,90,RU,1579264648,93,56.97,59.81,32.0,8.95
Lompoc,40,US,1579264649,93,34.64,-120.46,42.01,9.17
Jijiga,0,ET,1579264651,18,9.35,42.8,72.72,14.79
Sao Jose da Coroa Grande,15,BR,1579264652,76,-8.9,-35.15,80.46,11.68
Svetlaya,55,RU,1579264653,66,46.54,138.33,14.29,10.36
Kurkino,57,RU,1579264654,97,53.43,38.66,32.14,10.25
Kidal,86,ML,1579264655,16,18.44,1.41,75.02,16.6
Poum,26,NC,1579264656,78,-20.23,164.02,79.12,12.62
Departamento de Maldonado,20,UY,1579264657,56,-34.67,-54.92,68.0,5.82
Mangan,100,IN,1579264658,95,27.52,88.53,38.91,1.41
Muros,40,ES,1579264659,76,42.78,-9.06,55.0,5.82
Madingou,29,CG,1579264660,61,-4.15,13.55,87.96,5.14
Zaria,0,NG,1579264661,17,11.11,7.72,82.69,12.55
Yatou,43,CN,1579264663,75,37.15,122.38,35.01,11.07
Zakharovo,70,RU,1579264664,79,54.37,39.28,37.0,1.01
Bauru,75,BR,1579264371,94,-22.31,-49.06,75.2,12.75
Huayang,83,CN,1579264666,63,34.42,109.99,28.94,2.98
Malyye Derbety,52,RU,1579264667,81,47.95,44.68,35.44,5.77
Gewane,0,ET,1579264668,13,10.17,40.65,88.12,6.93
Fauske,75,NO,1579264669,80,67.26,15.39,39.99,9.17
Ribeira do Pombal,29,BR,1579264670,45,-10.83,-38.54,85.64,7.2
Inirida,72,CO,1579264671,93,3.87,-67.92,74.86,1.14
Gambela,33,ET,1579264672,10,8.25,34.58,110.37,0.54
Griffith,90,US,1579264673,79,41.53,-87.42,25.0,4.7
Pavelets,44,RU,1579264675,79,53.79,39.25,37.0,1.01
Cedar Rapids,1,US,1579264475,72,42.01,-91.64,16.0,6.93
Notse,0,TG,1579264677,19,6.95,1.17,97.66,5.86
Medea,6,DZ,1579264678,42,36.26,2.75,64.4,6.93
Esil,100,KZ,1579264679,96,51.96,66.4,29.44,20.58
Luderitz,52,NA,1579264680,65,-26.65,15.16,78.8,28.86
Cabra,80,ES,1579264681,62,37.47,-4.44,57.99,1.12
Baruun-Urt,92,MN,1579264682,91,46.68,113.28,5.22,9.48
Fortuna,1,US,1579264683,75,40.6,-124.16,42.8,9.17
Aykhal,99,RU,1579264684,83,66.0,111.5,-4.0,6.71
Esim,35,GH,1579264685,49,4.87,-2.24,91.33,6.24
Mogadishu,66,SO,1579264491,54,2.04,45.34,84.2,20.8
Tamandare,15,BR,1579264687,76,-8.76,-35.1,80.46,11.68
Kuzedeyevo,100,RU,1579264689,88,53.33,87.2,19.22,22.28
Salinas,1,US,1579264690,100,36.68,-121.66,44.01,5.1
Khorramshahr,33,IR,1579264691,40,30.44,48.17,71.6,13.87
Agropoli,0,IT,1579264692,58,40.35,15.0,57.99,6.93
Hasaki,75,JP,1579264693,70,35.73,140.83,46.4,6.93
Batagay,85,RU,1579264694,96,67.63,134.63,-27.33,2.57
Khandyga,91,RU,1579264695,99,62.67,135.6,-28.61,0.65
Ubari,81,LY,1579264696,41,26.59,12.78,57.88,9.71
Mehamn,100,NO,1579264697,58,71.04,27.85,26.6,11.41
Oddur,30,SO,1579264698,18,4.12,43.89,90.14,17.31
Ranong,29,TH,1579264699,69,9.97,98.63,82.4,5.82
Saint-Leu,99,RE,1579264701,83,-21.15,55.28,84.2,6.93
Juneau,40,US,1579264702,43,58.3,-134.42,15.8,14.99
Metu,0,ET,1579264703,17,8.3,35.58,92.93,2.08
Dayong,90,CN,1579264704,76,25.02,118.29,57.2,8.95
Severinia,75,BR,1579264705,69,-20.81,-48.8,80.6,4.7
Valle Hermoso,1,MX,1579264706,83,25.67,-97.83,71.6,6.93
Ancud,0,CL,1579264707,72,-41.87,-73.82,59.0,10.29
Honningsvag,100,NO,1579264708,58,70.98,25.97,24.8,11.41
Ourem,20,PT,1579264709,82,39.64,-8.59,59.0,2.24
Mbandaka,58,CD,1579264710,43,0.05,18.26,94.03,4.61
Rawatsar,62,IN,1579264711,37,29.28,74.38,60.6,4.94
Fareydunshahr,16,IR,1579264712,83,32.94,50.12,33.06,5.32
Moroni,75,KM,1579264714,79,-11.7,43.26,86.0,10.29
Van,90,TR,1579264715,86,38.49,43.38,26.6,3.36
Macamic,20,CA,1579264716,75,48.75,-79.0,-20.2,4.7
Hofn,90,IS,1579264717,64,64.25,-15.21,37.4,25.28
Ambah,67,IN,1579264718,78,26.71,78.23,60.37,7.49
Susehri,1,TR,1579264719,80,40.16,38.09,25.88,3.53
Severo-Kuril'sk,81,RU,1579264720,90,50.68,156.12,16.12,15.48
Inta,100,RU,1579264721,91,66.03,60.17,10.22,19.98
Walvis Bay,18,NA,1579264722,65,-22.96,14.51,77.0,10.29
Nangomba,69,TZ,1579264723,84,-10.9,38.5,82.63,4.59
Bendigo,0,AU,1579264724,46,-36.77,144.28,62.01,1.01
Verkhnevilyuysk,100,RU,1579264726,97,63.45,120.32,0.39,3.85
Mezhdurechensk,100,RU,1579264727,92,53.69,88.06,18.72,12.15
Anajatuba,96,BR,1579264728,83,-3.26,-44.62,81.25,3.11
Oodweyne,0,SO,1579264729,25,9.41,45.06,77.83,14.12
Kawalu,84,ID,1579264730,87,-7.38,108.21,73.36,2.95
Mizdah,100,LY,1579264731,47,31.45,12.98,55.08,9.95
